,,,,,,,,,,,,,,,,,,,,,,,,,,,,,,,,,,,
4684,13/09/2012 16:53,default,1,ARCHIVED,not_printed,emailed,9,10,00:00:57,1,proton.a.and,ns = 8 ; d1 = 1 ; expt = 1m 9s ; ds = 2 ; td1 = 1,non_composite,1H Observe  ,visible,research_teaching,135,FALSE,inactive,TRUE,3,tl,admin,TRUE,active,1,CDCl3,Chloroform-d,1,PI,PI - Group Leaders,3392FF,5,Alec,60
4685,13/09/2012 16:53,default,2,ARCHIVED,not_printed,emailed,9,10,00:00:57,1,proton.a.and,ns = 8 ; d1 = 1 ; expt = 1m 9s ; ds = 2 ; td1 = 1,non_composite,1H Observe  ,visible,research_teaching,135,FALSE,inactive,TRUE,3,tl,admin,TRUE,active,1,CDCl3,Chloroform-d,1,PI,PI - Group Leaders,3392FF,5,Alec,60
4686,13/09/2012 16:53,default,3,ARCHIVED,not_printed,emailed,9,10,00:00:34,302,proton-fast.a.and,ns = 4 ; d1 = 1 ; expt = 34s ; ds = 2 ; td1 = 1,non_composite,1H Observe NS=4,hidden,research_only,135,FALSE,inactive,TRUE,3,tl,admin,TRUE,active,1,CDCl3,Chloroform-d,1,PI,PI - Group Leaders,3392FF,5,Alec,60
4687,13/09/2012 16:53,default,3,ARCHIVED,not_printed,emailed,9,11,00:02:27,303,gcosy-fast.a.and,ns = 1 ; d1 = 0.8s ; expt = 2m 27s ; ds = 16 ; td1 = 128  	,non_composite,2D 1H#1H-DQF-COSY (covariance spectrum in EXPNO 998),hidden,research_only,135,FALSE,inactive,TRUE,3,tl,admin,TRUE,active,1,CDCl3,Chloroform-d,1,PI,PI - Group Leaders,3392FF,5,Alec,60
4688,13/09/2012 16:53,default,3,ARCHIVED,not_printed,emailed,9,12,00:02:09,304,ghsqc-fast.a.and,ns = 1 ; d1 = 1 ; expt = 2m 9s ; ds = 16 ; td1 = 256  	,non_composite,2D 1H#13C-gs-HSQC with multiplicity editing and NUS,visible,research_only,135,FALSE,inactive,TRUE,3,tl,admin,TRUE,active,1,CDCl3,Chloroform-d,1,PI,PI - Group Leaders,3392FF,5,Alec,60
4689,13/09/2012 16:53,default,3,ARCHIVED,not_printed,emailed,9,13,00:06:28,305,ghmbc-fast.a.and,ns = 2 ; d1 = 1 ; expt = 6m 28s ; ds = 16 ; td1 = 256  	,non_composite,2D 1H#13C-gs-HMBC with NUS,hidden,research_only,135,FALSE,inactive,TRUE,3,tl,admin,TRUE,active,1,CDCl3,Chloroform-d,1,PI,PI - Group Leaders,3392FF,5,Alec,60
4709,14/09/2012 14:14,default,1,ARCHIVED,not_printed,emailed,9,10,00:00:34,302,proton-fast.a.and,ns = 4 ; d1 = 1 ; expt = 34s ; ds = 2 ; td1 = 1,non_composite,1H Observe NS=4,hidden,research_only,2,TRUE,active,TRUE,3,tl,admin,TRUE,active,1,CDCl3,Chloroform-d,1,PI,PI - Group Leaders,3392FF,5,Alec,60
4710,14/09/2012 14:14,default,1,ARCHIVED,not_printed,emailed,9,11,00:02:27,303,gcosy-fast.a.and,ns = 1 ; d1 = 0.8s ; expt = 2m 27s ; ds = 16 ; td1 = 128  	,non_composite,2D 1H#1H-DQF-COSY (covariance spectrum in EXPNO 998),hidden,research_only,2,TRUE,active,TRUE,3,tl,admin,TRUE,active,1,CDCl3,Chloroform-d,1,PI,PI - Group Leaders,3392FF,5,Alec,60
4711,14/09/2012 14:14,default,1,ARCHIVED,not_printed,emailed,9,12,00:02:09,304,ghsqc-fast.a.and,ns = 1 ; d1 = 1 ; expt = 2m 9s ; ds = 16 ; td1 = 256  	,non_composite,2D 1H#13C-gs-HSQC with multiplicity editing and NUS,visible,research_only,2,TRUE,active,TRUE,3,tl,admin,TRUE,active,1,CDCl3,Chloroform-d,1,PI,PI - Group Leaders,3392FF,5,Alec,60
4712,14/09/2012 14:14,default,1,ARCHIVED,not_printed,emailed,9,13,00:06:28,305,ghmbc-fast.a.and,ns = 2 ; d1 = 1 ; expt = 6m 28s ; ds = 16 ; td1 = 256  	,non_composite,2D 1H#13C-gs-HMBC with NUS,hidden,research_only,2,TRUE,active,TRUE,3,tl,admin,TRUE,active,1,CDCl3,Chloroform-d,1,PI,PI - Group Leaders,3392FF,5,Alec,60
4784,17/09/2012 11:29,default,3,ARCHIVED,not_printed,emailed,9,10,00:00:57,1,proton.a.and,ns = 8 ; d1 = 1 ; expt = 1m 9s ; ds = 2 ; td1 = 1,non_composite,1H Observe  ,visible,research_teaching,2,TRUE,active,TRUE,3,tl,admin,TRUE,active,1,CDCl3,Chloroform-d,1,PI,PI - Group Leaders,3392FF,5,Alec,60
4835,17/09/2012 18:12,default,20,ARCHIVED,not_printed,emailed,9,10,00:00:57,1,proton.a.and,ns = 8 ; d1 = 1 ; expt = 1m 9s ; ds = 2 ; td1 = 1,non_composite,1H Observe  ,visible,research_teaching,2,TRUE,active,TRUE,3,tl,admin,TRUE,active,1,CDCl3,Chloroform-d,1,PI,PI - Group Leaders,3392FF,5,Alec,60
4836,17/09/2012 18:12,o1p#-205,20,ARCHIVED,not_printed,emailed,9,11,00:02:09,21,f19cpd_80ppm.a.and,ns = 64 ; d1 = 1 ; expt = 2m 24s ; ds = 4 ; td1 = 1 ,non_composite,19F Observe with 1H decoupling - SW 80 ppm,visible,research_only,2,TRUE,active,TRUE,3,tl,admin,TRUE,active,1,CDCl3,Chloroform-d,1,PI,PI - Group Leaders,3392FF,5,Alec,60
4837,17/09/2012 18:12,o2p#-205,20,ARCHIVED,not_printed,emailed,9,12,00:06:05,103,ghmbc-f19.a.and,ns = 1 ; d1 = 1 ; expt = 6m 5s ; ds = 2 ; td1 = 256,non_composite,2D 1H#19F-gs-HMBC,visible,research_only,2,TRUE,active,TRUE,3,tl,admin,TRUE,active,1,CDCl3,Chloroform-d,1,PI,PI - Group Leaders,3392FF,5,Alec,60
4863,18/09/2012 16:09,default,1,ARCHIVED,not_printed,emailed,9,10,00:02:08,40,b11.a.and,ns = 64 ; d1 = 1.5 ; expt = 2m 15s ; ds = 2 ; td1 = 1 ,non_composite,11B Observe - SW=250ppm (Et2O#BF3/CDCl3 = 0ppm),visible,research_only,2,TRUE,active,TRUE,3,tl,admin,TRUE,active,1,CDCl3,Chloroform-d,1,PI,PI - Group Leaders,3392FF,5,Alec,60
4864,18/09/2012 16:09,default,1,ARCHIVED,not_printed,emailed,9,11,00:02:10,41,b11cpd.a.and,ns = 64 ; d1 = 1.5 ; expt = 2m 15s ; ds = 2 ; td1 = 1 ,non_composite,11B Observe:Decoupled - SW=250ppm (Et2O#BF3/CDCl3 = 0ppm),visible,research_only,2,TRUE,active,TRUE,3,tl,admin,TRUE,active,1,CDCl3,Chloroform-d,1,PI,PI - Group Leaders,3392FF,5,Alec,60
4998,19/09/2012 17:23,default,1,ARCHIVED,not_printed,emailed,9,10,00:01:41,35,2H.a.and,ns = 16 ; d1 = 1 ; expt = 1m 41s ; ds = 0 ; td1 = 1 ,non_composite,2H Observe,visible,research_only,135,FALSE,inactive,TRUE,3,tl,admin,TRUE,active,9,None,no solvent,1,PI,PI - Group Leaders,3392FF,5,Alec,60
4999,19/09/2012 17:23,default,1,ARCHIVED,not_printed,emailed,9,11,00:01:42,36,2Hcpd-1H.a.and,ns = 16 ; d1 = 1 ; expt = 1m 42s ; ds = 0 ; td1 = 1 ,non_composite,2H Observe with 1H Decoupling,visible,research_only,135,FALSE,inactive,TRUE,3,tl,admin,TRUE,active,9,None,no solvent,1,PI,PI - Group Leaders,3392FF,5,Alec,60
5000,19/09/2012 17:23,default,2,ARCHIVED,not_printed,emailed,9,10,00:00:08,401,snf.and,ns = 8 ; d1 = 1 ; expt = 57s ; ds = 2 ; td1 = 1,non_composite,19F SINO test,visible,research_only,135,FALSE,inactive,TRUE,3,tl,admin,TRUE,active,1,CDCl3,Chloroform-d,1,PI,PI - Group Leaders,3392FF,5,Alec,60
5001,19/09/2012 17:23,default,3,ARCHIVED,not_printed,emailed,9,10,00:00:57,1,proton.a.and,ns = 8 ; d1 = 1 ; expt = 1m 9s ; ds = 2 ; td1 = 1,non_composite,1H Observe  ,visible,research_teaching,135,FALSE,inactive,TRUE,3,tl,admin,TRUE,active,1,CDCl3,Chloroform-d,1,PI,PI - Group Leaders,3392FF,5,Alec,60
5002,19/09/2012 17:23,default,3,ARCHIVED,not_printed,emailed,9,11,00:02:09,21,f19cpd_80ppm.a.and,ns = 64 ; d1 = 1 ; expt = 2m 24s ; ds = 4 ; td1 = 1 ,non_composite,19F Observe with 1H decoupling - SW 80 ppm,visible,research_only,135,FALSE,inactive,TRUE,3,tl,admin,TRUE,active,1,CDCl3,Chloroform-d,1,PI,PI - Group Leaders,3392FF,5,Alec,60
5003,19/09/2012 17:23,default,3,ARCHIVED,not_printed,emailed,9,12,00:06:05,103,ghmbc-f19.a.and,ns = 1 ; d1 = 1 ; expt = 6m 5s ; ds = 2 ; td1 = 256,non_composite,2D 1H#19F-gs-HMBC,visible,research_only,135,FALSE,inactive,TRUE,3,tl,admin,TRUE,active,1,CDCl3,Chloroform-d,1,PI,PI - Group Leaders,3392FF,5,Alec,60
5004,19/09/2012 17:23,default,4,ARCHIVED,not_printed,emailed,9,10,00:00:57,1,proton.a.and,ns = 8 ; d1 = 1 ; expt = 1m 9s ; ds = 2 ; td1 = 1,non_composite,1H Observe  ,visible,research_teaching,135,FALSE,inactive,TRUE,3,tl,admin,TRUE,active,3,Acetone,acetone-d6,1,PI,PI - Group Leaders,3392FF,5,Alec,60
5005,19/09/2012 17:23,default,4,ARCHIVED,not_printed,emailed,9,11,00:06:18,104,ghmbc-p31.a.and,ns = 2 ; d1 = 1 ; expt = 6m 18s ; ds = 16 ; td1 = 128,non_composite,2D 1H#31P-gs-HMBC,visible,research_only,135,FALSE,inactive,TRUE,3,tl,admin,TRUE,active,3,Acetone,acetone-d6,1,PI,PI - Group Leaders,3392FF,5,Alec,60
5211,21/09/2012 16:43,default,1,ARCHIVED,not_printed,emailed,8,10,00:00:57,1,proton.a.and,ns = 8 ; d1 = 1 ; expt = 1m 9s ; ds = 2 ; td1 = 1,non_composite,1H Observe  ,visible,research_teaching,135,FALSE,inactive,TRUE,3,tl,admin,TRUE,active,1,CDCl3,Chloroform-d,1,PI,PI - Group Leaders,3392FF,4,Felix,60
5212,21/09/2012 16:43,default,1,ARCHIVED,not_printed,emailed,8,11,00:00:43,2,proton_WIDE.a.and,ns = 8 ; d1 = 1 ; expt = 51s ; ds = 2 ; td1 = 1   ,non_composite,1H Observe with Expanded Sweep Width [from 15 to -25 ppm],visible,research_only,135,FALSE,inactive,TRUE,3,tl,admin,TRUE,active,1,CDCl3,Chloroform-d,1,PI,PI - Group Leaders,3392FF,4,Felix,60
5213,21/09/2012 16:43,default,1,ARCHIVED,not_printed,emailed,8,12,00:05:47,3,proton_Quant.a.and,ns = 8 ; d1 = 30 ; expt = 5m 59s ; ds = 2 ; td1 = 1 ,non_composite,1H Observe - Quantitative ,visible,research_only,135,FALSE,inactive,TRUE,3,tl,admin,TRUE,active,1,CDCl3,Chloroform-d,1,PI,PI - Group Leaders,3392FF,4,Felix,60
5215,21/09/2012 16:43,o2p#-205,3,ARCHIVED,not_printed,emailed,8,10,00:00:26,6,pro19Fdec.a.and,ns = 8 ; d1 = 1 ; expt = 25s ; ds = 2 ; td1 = 1 ,non_composite,1H Observe with 19F Decoupling,visible,research_only,135,FALSE,inactive,TRUE,3,tl,admin,TRUE,active,1,CDCl3,Chloroform-d,1,PI,PI - Group Leaders,3392FF,4,Felix,60
5248,21/09/2012 17:29,cnst21#4.617,4,ARCHIVED,not_printed,emailed,8,10,00:08:02,5,selnoesy1D.a.and,ns = 64 ; d1 = 1.5 ; expt = 8m 2s ; ds = 4 ; td1 = 1 ,non_composite,1D gs-NOESY,visible,research_only,135,FALSE,inactive,TRUE,3,tl,admin,TRUE,active,1,CDCl3,Chloroform-d,1,PI,PI - Group Leaders,3392FF,4,Felix,60
5249,21/09/2012 17:29,default,5,ARCHIVED,not_printed,emailed,8,10,00:00:26,7,pro31Pdec.a.and,ns = 8 ; d1 = 1 ; expt = 25s ; ds = 2 ; td1 = 1 ,non_composite,1H Observe with 31P decoupling,visible,research_only,135,FALSE,inactive,TRUE,3,tl,admin,TRUE,active,3,Acetone,acetone-d6,1,PI,PI - Group Leaders,3392FF,4,Felix,60
5250,21/09/2012 17:29,default,6,ARCHIVED,not_printed,emailed,8,10,00:00:34,8,proton_WIDE-2.a.and,ns = 8 ; d1 = 1 ; expt = 34s ; ds = 2 ; td1 = 1 ,non_composite,1H Observe with Expanded Sweep Width [from 15 to -40 ppm],hidden,research_only,135,FALSE,inactive,TRUE,3,tl,admin,TRUE,active,1,CDCl3,Chloroform-d,1,PI,PI - Group Leaders,3392FF,4,Felix,60
5251,21/09/2012 17:29,ns#200,6,ARCHIVED,not_printed,emailed,8,11,00:10:43,10,c13_deptq.a.and,ns = 800 ; d1 = 2 ; expt = 45m 36s; ds = 4 ; td1 = 1 ,non_composite,13C Observe with multiplicity editing - DEPTQ,visible,research_only,135,FALSE,inactive,TRUE,3,tl,admin,TRUE,active,1,CDCl3,Chloroform-d,1,PI,PI - Group Leaders,3392FF,4,Felix,60
5565,26/09/2012 10:02,default,1,ARCHIVED,not_printed,emailed,8,10,00:00:57,1,proton.a.and,ns = 8 ; d1 = 1 ; expt = 1m 9s ; ds = 2 ; td1 = 1,non_composite,1H Observe  ,visible,research_teaching,135,FALSE,inactive,TRUE,3,tl,admin,TRUE,active,1,CDCl3,Chloroform-d,1,PI,PI - Group Leaders,3392FF,4,Felix,60
5566,26/09/2012 10:02,default,1,ARCHIVED,not_printed,emailed,8,11,00:00:43,2,proton_WIDE.a.and,ns = 8 ; d1 = 1 ; expt = 51s ; ds = 2 ; td1 = 1   ,non_composite,1H Observe with Expanded Sweep Width [from 15 to -25 ppm],visible,research_only,135,FALSE,inactive,TRUE,3,tl,admin,TRUE,active,1,CDCl3,Chloroform-d,1,PI,PI - Group Leaders,3392FF,4,Felix,60
5567,26/09/2012 10:02,default,1,ARCHIVED,not_printed,emailed,8,12,00:05:47,3,proton_Quant.a.and,ns = 8 ; d1 = 30 ; expt = 5m 59s ; ds = 2 ; td1 = 1 ,non_composite,1H Observe - Quantitative ,visible,research_only,135,FALSE,inactive,TRUE,3,tl,admin,TRUE,active,1,CDCl3,Chloroform-d,1,PI,PI - Group Leaders,3392FF,4,Felix,60
5568,26/09/2012 10:02,default,1,ARCHIVED,not_printed,emailed,8,13,00:00:34,8,proton_WIDE-2.a.and,ns = 8 ; d1 = 1 ; expt = 34s ; ds = 2 ; td1 = 1 ,non_composite,1H Observe with Expanded Sweep Width [from 15 to -40 ppm],hidden,research_only,135,FALSE,inactive,TRUE,3,tl,admin,TRUE,active,1,CDCl3,Chloroform-d,1,PI,PI - Group Leaders,3392FF,4,Felix,60
5569,26/09/2012 10:02,cnst21#4.167,1,ARCHIVED,not_printed,emailed,8,14,00:08:02,5,selnoesy1D.a.and,ns = 64 ; d1 = 1.5 ; expt = 8m 2s ; ds = 4 ; td1 = 1 ,non_composite,1D gs-NOESY,visible,research_only,135,FALSE,inactive,TRUE,3,tl,admin,TRUE,active,1,CDCl3,Chloroform-d,1,PI,PI - Group Leaders,3392FF,4,Felix,60
5570,26/09/2012 10:02,default,2,ARCHIVED,not_printed,emailed,8,10,00:01:01,4,solventsup.a.and,ns = 8 ; d1 = 4 ; expt = 1m 49s ; ds = 4 ; td1 = 1 ,non_composite,1H Observe with Solvent Suppression ,visible,research_only,135,FALSE,inactive,TRUE,3,tl,admin,TRUE,active,1,CDCl3,Chloroform-d,1,PI,PI - Group Leaders,3392FF,4,Felix,60
5571,26/09/2012 10:02,o2p#-205,3,ARCHIVED,not_printed,emailed,8,10,00:00:26,6,pro19Fdec.a.and,ns = 8 ; d1 = 1 ; expt = 25s ; ds = 2 ; td1 = 1 ,non_composite,1H Observe with 19F Decoupling,visible,research_only,135,FALSE,inactive,TRUE,3,tl,admin,TRUE,active,1,CDCl3,Chloroform-d,1,PI,PI - Group Leaders,3392FF,4,Felix,60
5574,26/09/2012 10:05,default,4,ARCHIVED,not_printed,emailed,8,10,00:00:26,7,pro31Pdec.a.and,ns = 8 ; d1 = 1 ; expt = 25s ; ds = 2 ; td1 = 1 ,non_composite,1H Observe with 31P decoupling,visible,research_only,135,FALSE,inactive,TRUE,3,tl,admin,TRUE,active,3,Acetone,acetone-d6,1,PI,PI - Group Leaders,3392FF,4,Felix,60
5577,26/09/2012 10:08,ns#200,5,ARCHIVED,not_printed,emailed,8,10,00:10:43,10,c13_deptq.a.and,ns = 800 ; d1 = 2 ; expt = 45m 36s; ds = 4 ; td1 = 1 ,non_composite,13C Observe with multiplicity editing - DEPTQ,visible,research_only,135,FALSE,inactive,TRUE,3,tl,admin,TRUE,active,1,CDCl3,Chloroform-d,1,PI,PI - Group Leaders,3392FF,4,Felix,60
5596,26/09/2012 12:17,cnst21#4.617,6,ARCHIVED,not_printed,emailed,8,10,00:08:02,5,selnoesy1D.a.and,ns = 64 ; d1 = 1.5 ; expt = 8m 2s ; ds = 4 ; td1 = 1 ,non_composite,1D gs-NOESY,visible,research_only,135,FALSE,inactive,TRUE,3,tl,admin,TRUE,active,1,CDCl3,Chloroform-d,1,PI,PI - Group Leaders,3392FF,4,Felix,60
5597,26/09/2012 12:17,cnst21#6,6,ARCHIVED,not_printed,emailed,8,11,00:08:02,5,selnoesy1D.a.and,ns = 64 ; d1 = 1.5 ; expt = 8m 2s ; ds = 4 ; td1 = 1 ,non_composite,1D gs-NOESY,visible,research_only,135,FALSE,inactive,TRUE,3,tl,admin,TRUE,active,1,CDCl3,Chloroform-d,1,PI,PI - Group Leaders,3392FF,4,Felix,60
5598,26/09/2012 12:17,default,7,ARCHIVED,not_printed,emailed,8,10,00:01:01,4,solventsup.a.and,ns = 8 ; d1 = 4 ; expt = 1m 49s ; ds = 4 ; td1 = 1 ,non_composite,1H Observe with Solvent Suppression ,visible,research_only,135,FALSE,inactive,TRUE,3,tl,admin,TRUE,active,6,H2O+D2O,90% H2O and 10% D2O,1,PI,PI - Group Leaders,3392FF,4,Felix,60
5612,26/09/2012 12:56,cnst21#4.617,8,ARCHIVED,not_printed,emailed,8,10,00:08:02,5,selnoesy1D.a.and,ns = 64 ; d1 = 1.5 ; expt = 8m 2s ; ds = 4 ; td1 = 1 ,non_composite,1D gs-NOESY,visible,research_only,2,TRUE,active,TRUE,3,tl,admin,TRUE,active,1,CDCl3,Chloroform-d,1,PI,PI - Group Leaders,3392FF,4,Felix,60
5613,26/09/2012 12:56,default,9,ARCHIVED,not_printed,emailed,8,10,00:01:01,4,solventsup.a.and,ns = 8 ; d1 = 4 ; expt = 1m 49s ; ds = 4 ; td1 = 1 ,non_composite,1H Observe with Solvent Suppression ,visible,research_only,2,TRUE,active,TRUE,3,tl,admin,TRUE,active,6,H2O+D2O,90% H2O and 10% D2O,1,PI,PI - Group Leaders,3392FF,4,Felix,60
5619,26/09/2012 14:15,cnst21#4.617,10,ARCHIVED,not_printed,emailed,8,10,00:08:02,5,selnoesy1D.a.and,ns = 64 ; d1 = 1.5 ; expt = 8m 2s ; ds = 4 ; td1 = 1 ,non_composite,1D gs-NOESY,visible,research_only,2,TRUE,active,TRUE,3,tl,admin,TRUE,active,1,CDCl3,Chloroform-d,1,PI,PI - Group Leaders,3392FF,4,Felix,60
5621,26/09/2012 14:35,cnst21#4.617,11,ARCHIVED,not_printed,emailed,8,10,00:08:02,5,selnoesy1D.a.and,ns = 64 ; d1 = 1.5 ; expt = 8m 2s ; ds = 4 ; td1 = 1 ,non_composite,1D gs-NOESY,visible,research_only,2,TRUE,active,TRUE,3,tl,admin,TRUE,active,1,CDCl3,Chloroform-d,1,PI,PI - Group Leaders,3392FF,4,Felix,60
5623,26/09/2012 14:38,default,12,ARCHIVED,not_printed,emailed,8,10,00:00:57,1,proton.a.and,ns = 8 ; d1 = 1 ; expt = 1m 9s ; ds = 2 ; td1 = 1,non_composite,1H Observe  ,visible,research_teaching,2,TRUE,active,TRUE,3,tl,admin,TRUE,active,1,CDCl3,Chloroform-d,1,PI,PI - Group Leaders,3392FF,4,Felix,60
5639,26/09/2012 15:10,default,13,ARCHIVED,not_printed,emailed,8,10,00:00:57,1,proton.a.and,ns = 8 ; d1 = 1 ; expt = 1m 9s ; ds = 2 ; td1 = 1,non_composite,1H Observe  ,visible,research_teaching,135,FALSE,inactive,TRUE,3,tl,admin,TRUE,active,1,CDCl3,Chloroform-d,1,PI,PI - Group Leaders,3392FF,4,Felix,60
5640,26/09/2012 15:10,cnst21#4.617,13,ARCHIVED,not_printed,emailed,8,11,00:08:02,5,selnoesy1D.a.and,ns = 64 ; d1 = 1.5 ; expt = 8m 2s ; ds = 4 ; td1 = 1 ,non_composite,1D gs-NOESY,visible,research_only,135,FALSE,inactive,TRUE,3,tl,admin,TRUE,active,1,CDCl3,Chloroform-d,1,PI,PI - Group Leaders,3392FF,4,Felix,60
5642,26/09/2012 15:10,default,14,ARCHIVED,not_printed,emailed,8,10,00:01:01,4,solventsup.a.and,ns = 8 ; d1 = 4 ; expt = 1m 49s ; ds = 4 ; td1 = 1 ,non_composite,1H Observe with Solvent Suppression ,visible,research_only,135,FALSE,inactive,TRUE,3,tl,admin,TRUE,active,6,H2O+D2O,90% H2O and 10% D2O,1,PI,PI - Group Leaders,3392FF,4,Felix,60
5644,26/09/2012 15:25,default,15,ARCHIVED,not_printed,emailed,8,10,00:00:57,1,proton.a.and,ns = 8 ; d1 = 1 ; expt = 1m 9s ; ds = 2 ; td1 = 1,non_composite,1H Observe  ,visible,research_teaching,135,FALSE,inactive,TRUE,3,tl,admin,TRUE,active,1,CDCl3,Chloroform-d,1,PI,PI - Group Leaders,3392FF,4,Felix,60
5645,26/09/2012 15:25,cnst21#4.617,15,ARCHIVED,not_printed,emailed,8,11,00:08:02,5,selnoesy1D.a.and,ns = 64 ; d1 = 1.5 ; expt = 8m 2s ; ds = 4 ; td1 = 1 ,non_composite,1D gs-NOESY,visible,research_only,135,FALSE,inactive,TRUE,3,tl,admin,TRUE,active,1,CDCl3,Chloroform-d,1,PI,PI - Group Leaders,3392FF,4,Felix,60
5805,28/09/2012 11:14,default,7,ARCHIVED,not_printed,emailed,9,10,00:30:42,150,ghsqc-lignin.a.and,ns = 24 ; d1 = 1 ; expt = 2h 2ms ; ds = 16 ; td1 = 256,non_composite,2D 1H#13C-gs-HSQC full SW,visible,research_only,2,TRUE,active,TRUE,3,tl,admin,TRUE,active,2,DMSO,dimethylsulfoxide-d6,1,PI,PI - Group Leaders,3392FF,5,Alec,60
5806,28/09/2012 11:14,default,7,ARCHIVED,not_printed,emailed,9,11,00:15:29,151,ghsqc-lignin-fast.a.and,ns = 24 ; d1 = 1 ; expt = 30m 40s ; ds = 16 ; td1 = 64,non_composite,2D 1H#13C-gs-HSQC F1-SW from 50 to 90 ppm,visible,research_only,2,TRUE,active,TRUE,3,tl,admin,TRUE,active,2,DMSO,dimethylsulfoxide-d6,1,PI,PI - Group Leaders,3392FF,5,Alec,60
5835,28/09/2012 17:59,default,1,ARCHIVED,not_printed,emailed,9,10,00:00:57,1,proton.a.and,ns = 8 ; d1 = 1 ; expt = 1m 9s ; ds = 2 ; td1 = 1,non_composite,1H Observe  ,visible,research_teaching,2,TRUE,active,TRUE,3,tl,admin,TRUE,active,1,CDCl3,Chloroform-d,1,PI,PI - Group Leaders,3392FF,5,Alec,60
5836,28/09/2012 17:59,default,2,ARCHIVED,not_printed,emailed,9,10,02:01:47,150,ghsqc-lignin.a.and,ns = 24 ; d1 = 1 ; expt = 2h 2ms ; ds = 16 ; td1 = 256,non_composite,2D 1H#13C-gs-HSQC full SW,visible,research_only,2,TRUE,active,TRUE,3,tl,admin,TRUE,active,2,DMSO,dimethylsulfoxide-d6,1,PI,PI - Group Leaders,3392FF,5,Alec,60
5837,28/09/2012 17:59,default,2,ARCHIVED,not_printed,emailed,9,11,01:01:03,152,ghsqc-lignin-aro.a.and,ns = 24 ; d1 = 1 ; expt = 1h 1m ; ds = 16 ; td1 = 128,non_composite,2D 1H#13C-gs-HSQC F1-SW from  47 to 133 ppm,visible,research_only,2,TRUE,active,TRUE,3,tl,admin,TRUE,active,2,DMSO,dimethylsulfoxide-d6,1,PI,PI - Group Leaders,3392FF,5,Alec,60
5838,28/09/2012 17:59,default,2,ARCHIVED,not_printed,emailed,9,12,00:30:42,151,ghsqc-lignin-fast.a.and,ns = 24 ; d1 = 1 ; expt = 30m 40s ; ds = 16 ; td1 = 64,non_composite,2D 1H#13C-gs-HSQC F1-SW from 50 to 90 ppm,visible,research_only,2,TRUE,active,TRUE,3,tl,admin,TRUE,active,2,DMSO,dimethylsulfoxide-d6,1,PI,PI - Group Leaders,3392FF,5,Alec,60
6394,08/10/2012 10:19,default,1,ARCHIVED,not_printed,emailed,9,10,00:00:57,1,proton.a.and,ns = 8 ; d1 = 1 ; expt = 1m 9s ; ds = 2 ; td1 = 1,non_composite,1H Observe  ,visible,research_teaching,135,FALSE,inactive,TRUE,3,tl,admin,TRUE,active,1,CDCl3,Chloroform-d,1,PI,PI - Group Leaders,3392FF,5,Alec,60
6533,09/10/2012 11:04,default,7,ARCHIVED,not_printed,emailed,9,10,00:00:57,1,proton.a.and,ns = 8 ; d1 = 1 ; expt = 1m 9s ; ds = 2 ; td1 = 1,non_composite,1H Observe  ,visible,research_teaching,135,FALSE,inactive,TRUE,3,tl,admin,TRUE,active,1,CDCl3,Chloroform-d,1,PI,PI - Group Leaders,3392FF,5,Alec,60
6738,10/10/2012 18:31,default,19,ARCHIVED,not_printed,emailed,9,10,00:00:57,1,proton.a.and,ns = 8 ; d1 = 1 ; expt = 1m 9s ; ds = 2 ; td1 = 1,non_composite,1H Observe  ,visible,research_teaching,135,FALSE,inactive,TRUE,3,tl,admin,TRUE,active,1,CDCl3,Chloroform-d,1,PI,PI - Group Leaders,3392FF,5,Alec,60
6739,10/10/2012 18:31,default,19,ARCHIVED,not_printed,emailed,9,11,00:32:31,102,ghmbc.a.and,ns = 4 ; d1 = 1.5 ; expt = 33m 46s ; ds = 16 ; td1 = 256,non_composite,2D 1H#13C-gs-HMBC,visible,research_only,135,FALSE,inactive,TRUE,3,tl,admin,TRUE,active,1,CDCl3,Chloroform-d,1,PI,PI - Group Leaders,3392FF,5,Alec,60
6774,11/10/2012 13:14,default,1,ARCHIVED,not_printed,emailed,9,10,00:00:57,1,proton.a.and,ns = 8 ; d1 = 1 ; expt = 1m 9s ; ds = 2 ; td1 = 1,non_composite,1H Observe  ,visible,research_teaching,2,TRUE,active,TRUE,3,tl,admin,TRUE,active,1,CDCl3,Chloroform-d,1,PI,PI - Group Leaders,3392FF,5,Alec,60
6812,11/10/2012 17:18,cnst21#4.625,1,ARCHIVED,not_printed,emailed,9,10,00:07:21,110,selroesy1D.a.and,ns = 64 ; d1 = 1.5 ; expt = 7m 21s ; ds = 4 ; td1 = 1,non_composite,1D gs-ROESY,visible,research_only,135,FALSE,inactive,TRUE,3,tl,admin,TRUE,active,1,CDCl3,Chloroform-d,1,PI,PI - Group Leaders,3392FF,5,Alec,60
6813,11/10/2012 17:18,cnst21#0.9347,1,ARCHIVED,not_printed,emailed,9,11,00:07:21,110,selroesy1D.a.and,ns = 64 ; d1 = 1.5 ; expt = 7m 21s ; ds = 4 ; td1 = 1,non_composite,1D gs-ROESY,visible,research_only,135,FALSE,inactive,TRUE,3,tl,admin,TRUE,active,1,CDCl3,Chloroform-d,1,PI,PI - Group Leaders,3392FF,5,Alec,60
6814,11/10/2012 17:18,cnst21#1.0822,1,ARCHIVED,not_printed,emailed,9,12,00:07:21,110,selroesy1D.a.and,ns = 64 ; d1 = 1.5 ; expt = 7m 21s ; ds = 4 ; td1 = 1,non_composite,1D gs-ROESY,visible,research_only,135,FALSE,inactive,TRUE,3,tl,admin,TRUE,active,1,CDCl3,Chloroform-d,1,PI,PI - Group Leaders,3392FF,5,Alec,60
6815,11/10/2012 17:18,cnst21#0.9719,1,ARCHIVED,not_printed,emailed,9,13,00:07:21,110,selroesy1D.a.and,ns = 64 ; d1 = 1.5 ; expt = 7m 21s ; ds = 4 ; td1 = 1,non_composite,1D gs-ROESY,visible,research_only,135,FALSE,inactive,TRUE,3,tl,admin,TRUE,active,1,CDCl3,Chloroform-d,1,PI,PI - Group Leaders,3392FF,5,Alec,60
6816,11/10/2012 17:18,default,1,ARCHIVED,not_printed,emailed,9,14,01:06:06,111,roesy2D.a.and,ns = 8 ; d1 = 1.5 ; expt = 1h 6m ; ds = 16 ; td1 = 256,non_composite,2D 1H#1H-ROESY,visible,research_only,135,FALSE,inactive,TRUE,3,tl,admin,TRUE,active,1,CDCl3,Chloroform-d,1,PI,PI - Group Leaders,3392FF,5,Alec,60
6824,11/10/2012 17:35,default,1,ARCHIVED,not_printed,emailed,8,10,00:00:57,300,proton-N.a.and,ns = 8 ; d1 = 1 ; expt = 57s ; ds = 2 ; td1 = 1 ,non_composite,1H Observe,hidden,research_only,2,TRUE,active,TRUE,3,tl,admin,TRUE,active,1,CDCl3,Chloroform-d,1,PI,PI - Group Leaders,3392FF,4,Felix,60
6825,11/10/2012 17:35,default,1,ARCHIVED,not_printed,emailed,8,11,00:53:32,11,c13_udeft.a.and,ns = 800 ; d1 = 3 ; expt = 50m 12s ; ds = 0 ; td1 = 1 ,non_composite,13C Observe with 1H decoupling - UDEFT,visible,research_only,2,TRUE,active,TRUE,3,tl,admin,TRUE,active,1,CDCl3,Chloroform-d,1,PI,PI - Group Leaders,3392FF,4,Felix,60
6826,11/10/2012 17:35,default,1,ARCHIVED,not_printed,emailed,8,12,00:05:35,301,gcosy-DQF-N.a.and,ns = 1 ; d1 = 1s ; expt = 5m 33s ; ds = 16 ; td1 = 256  	,non_composite,2D 1H#1H-DQF-COSY (mag. mode),hidden,research_only,2,TRUE,active,TRUE,3,tl,admin,TRUE,active,1,CDCl3,Chloroform-d,1,PI,PI - Group Leaders,3392FF,4,Felix,60
6827,11/10/2012 17:35,default,1,ARCHIVED,not_printed,emailed,8,13,00:10:31,101,ghsqc-ed.a.and,ns = 2 ; d1 = 1 ; expt = 10m 52s ; ds = 16 ; td1 = 256,non_composite,2D 1H#13C-gs-HSQC with multiplicity editing,visible,research_only,2,TRUE,active,TRUE,3,tl,admin,TRUE,active,1,CDCl3,Chloroform-d,1,PI,PI - Group Leaders,3392FF,4,Felix,60
6828,11/10/2012 17:35,default,1,ARCHIVED,not_printed,emailed,8,14,00:32:31,102,ghmbc.a.and,ns = 4 ; d1 = 1.5 ; expt = 33m 46s ; ds = 16 ; td1 = 256,non_composite,2D 1H#13C-gs-HMBC,visible,research_only,2,TRUE,active,TRUE,3,tl,admin,TRUE,active,1,CDCl3,Chloroform-d,1,PI,PI - Group Leaders,3392FF,4,Felix,60
6829,11/10/2012 17:35,default,2,ARCHIVED,not_printed,emailed,8,10,00:00:57,1,proton.a.and,ns = 8 ; d1 = 1 ; expt = 1m 9s ; ds = 2 ; td1 = 1,non_composite,1H Observe  ,visible,research_teaching,2,TRUE,active,TRUE,3,tl,admin,TRUE,active,1,CDCl3,Chloroform-d,1,PI,PI - Group Leaders,3392FF,4,Felix,60
6830,11/10/2012 17:35,default,2,ARCHIVED,not_printed,emailed,8,11,00:02:09,21,f19cpd_80ppm.a.and,ns = 64 ; d1 = 1 ; expt = 2m 24s ; ds = 4 ; td1 = 1 ,non_composite,19F Observe with 1H decoupling - SW 80 ppm,visible,research_only,2,TRUE,active,TRUE,3,tl,admin,TRUE,active,1,CDCl3,Chloroform-d,1,PI,PI - Group Leaders,3392FF,4,Felix,60
6831,11/10/2012 17:35,default,2,ARCHIVED,not_printed,emailed,8,12,00:06:06,103,ghmbc-f19.a.and,ns = 1 ; d1 = 1 ; expt = 6m 5s ; ds = 2 ; td1 = 256,non_composite,2D 1H#19F-gs-HMBC,visible,research_only,2,TRUE,active,TRUE,3,tl,admin,TRUE,active,1,CDCl3,Chloroform-d,1,PI,PI - Group Leaders,3392FF,4,Felix,60
6832,11/10/2012 17:35,default,3,ARCHIVED,not_printed,emailed,8,10,00:00:57,1,proton.a.and,ns = 8 ; d1 = 1 ; expt = 1m 9s ; ds = 2 ; td1 = 1,non_composite,1H Observe  ,visible,research_teaching,2,TRUE,active,TRUE,3,tl,admin,TRUE,active,3,Acetone,acetone-d6,1,PI,PI - Group Leaders,3392FF,4,Felix,60
6833,11/10/2012 17:35,default,3,ARCHIVED,not_printed,emailed,8,11,00:04:20,30,p31cpd.a.and,ns = 128 ; d1 = 1.5 ; expt = 4m 33s ; ds = 4 ; td1 = 1 ,non_composite,31P Observe with 1H decoupling,visible,research_teaching,2,TRUE,active,TRUE,3,tl,admin,TRUE,active,3,Acetone,acetone-d6,1,PI,PI - Group Leaders,3392FF,4,Felix,60
6834,11/10/2012 17:35,default,3,ARCHIVED,not_printed,emailed,8,12,00:06:22,104,ghmbc-p31.a.and,ns = 2 ; d1 = 1 ; expt = 6m 18s ; ds = 16 ; td1 = 128,non_composite,2D 1H#31P-gs-HMBC,visible,research_only,2,TRUE,active,TRUE,3,tl,admin,TRUE,active,3,Acetone,acetone-d6,1,PI,PI - Group Leaders,3392FF,4,Felix,60
6898,12/10/2012 10:55,default,4,ARCHIVED,not_printed,emailed,8,10,00:00:57,1,proton.a.and,ns = 8 ; d1 = 1 ; expt = 1m 9s ; ds = 2 ; td1 = 1,non_composite,1H Observe  ,visible,research_teaching,2,TRUE,active,TRUE,3,tl,admin,TRUE,active,1,CDCl3,Chloroform-d,1,PI,PI - Group Leaders,3392FF,4,Felix,60
6899,12/10/2012 10:55,o1p#-200,4,ARCHIVED,not_printed,emailed,8,11,00:02:09,21,f19cpd_80ppm.a.and,ns = 64 ; d1 = 1 ; expt = 2m 24s ; ds = 4 ; td1 = 1 ,non_composite,19F Observe with 1H decoupling - SW 80 ppm,visible,research_only,2,TRUE,active,TRUE,3,tl,admin,TRUE,active,1,CDCl3,Chloroform-d,1,PI,PI - Group Leaders,3392FF,4,Felix,60
6900,12/10/2012 10:55,o2p#-200,4,ARCHIVED,not_printed,emailed,8,12,00:06:06,103,ghmbc-f19.a.and,ns = 1 ; d1 = 1 ; expt = 6m 5s ; ds = 2 ; td1 = 256,non_composite,2D 1H#19F-gs-HMBC,visible,research_only,2,TRUE,active,TRUE,3,tl,admin,TRUE,active,1,CDCl3,Chloroform-d,1,PI,PI - Group Leaders,3392FF,4,Felix,60
6908,12/10/2012 11:06,default,5,ARCHIVED,not_printed,emailed,8,10,00:00:57,1,proton.a.and,ns = 8 ; d1 = 1 ; expt = 1m 9s ; ds = 2 ; td1 = 1,non_composite,1H Observe  ,visible,research_teaching,2,TRUE,active,TRUE,3,tl,admin,TRUE,active,1,CDCl3,Chloroform-d,1,PI,PI - Group Leaders,3392FF,4,Felix,60
6909,12/10/2012 11:06,default,5,ARCHIVED,not_printed,emailed,8,11,00:32:31,102,ghmbc.a.and,ns = 4 ; d1 = 1.5 ; expt = 33m 46s ; ds = 16 ; td1 = 256,non_composite,2D 1H#13C-gs-HMBC,visible,research_only,2,TRUE,active,TRUE,3,tl,admin,TRUE,active,1,CDCl3,Chloroform-d,1,PI,PI - Group Leaders,3392FF,4,Felix,60
6954,12/10/2012 15:57,default,4,ARCHIVED,not_printed,emailed,9,10,00:00:57,1,proton.a.and,ns = 8 ; d1 = 1 ; expt = 1m 9s ; ds = 2 ; td1 = 1,non_composite,1H Observe  ,visible,research_teaching,2,TRUE,active,TRUE,3,tl,admin,TRUE,active,1,CDCl3,Chloroform-d,1,PI,PI - Group Leaders,3392FF,5,Alec,60
6955,12/10/2012 15:57,default,5,ARCHIVED,not_printed,emailed,9,10,00:00:57,1,proton.a.and,ns = 8 ; d1 = 1 ; expt = 1m 9s ; ds = 2 ; td1 = 1,non_composite,1H Observe  ,visible,research_teaching,2,TRUE,active,TRUE,3,tl,admin,TRUE,active,1,CDCl3,Chloroform-d,1,PI,PI - Group Leaders,3392FF,5,Alec,60
6956,12/10/2012 15:57,default,6,ARCHIVED,not_printed,emailed,9,10,00:00:57,1,proton.a.and,ns = 8 ; d1 = 1 ; expt = 1m 9s ; ds = 2 ; td1 = 1,non_composite,1H Observe  ,visible,research_teaching,2,TRUE,active,TRUE,3,tl,admin,TRUE,active,1,CDCl3,Chloroform-d,1,PI,PI - Group Leaders,3392FF,5,Alec,60
6958,12/10/2012 15:58,default,7,ARCHIVED,not_printed,emailed,9,10,00:00:57,1,proton.a.and,ns = 8 ; d1 = 1 ; expt = 1m 9s ; ds = 2 ; td1 = 1,non_composite,1H Observe  ,visible,research_teaching,2,TRUE,active,TRUE,3,tl,admin,TRUE,active,1,CDCl3,Chloroform-d,1,PI,PI - Group Leaders,3392FF,5,Alec,60
6979,12/10/2012 17:48,default,15,ARCHIVED,not_printed,emailed,9,10,00:00:57,1,proton.a.and,ns = 8 ; d1 = 1 ; expt = 1m 9s ; ds = 2 ; td1 = 1,non_composite,1H Observe  ,visible,research_teaching,2,TRUE,active,TRUE,3,tl,admin,TRUE,active,1,CDCl3,Chloroform-d,1,PI,PI - Group Leaders,3392FF,5,Alec,60
6980,12/10/2012 17:48,default,15,ARCHIVED,not_printed,emailed,9,11,00:42:14,10,c13_deptq.a.and,ns = 800 ; d1 = 2 ; expt = 45m 36s; ds = 4 ; td1 = 1 ,non_composite,13C Observe with multiplicity editing - DEPTQ,visible,research_only,2,TRUE,active,TRUE,3,tl,admin,TRUE,active,1,CDCl3,Chloroform-d,1,PI,PI - Group Leaders,3392FF,5,Alec,60
6981,12/10/2012 17:48,default,16,ARCHIVED,not_printed,emailed,9,10,00:00:57,300,proton-N.a.and,ns = 8 ; d1 = 1 ; expt = 57s ; ds = 2 ; td1 = 1 ,non_composite,1H Observe,hidden,research_only,2,TRUE,active,TRUE,3,tl,admin,TRUE,active,1,CDCl3,Chloroform-d,1,PI,PI - Group Leaders,3392FF,5,Alec,60
6982,12/10/2012 17:48,default,16,ARCHIVED,not_printed,emailed,9,11,00:42:14,10,c13_deptq.a.and,ns = 800 ; d1 = 2 ; expt = 45m 36s; ds = 4 ; td1 = 1 ,non_composite,13C Observe with multiplicity editing - DEPTQ,visible,research_only,2,TRUE,active,TRUE,3,tl,admin,TRUE,active,1,CDCl3,Chloroform-d,1,PI,PI - Group Leaders,3392FF,5,Alec,60
6983,12/10/2012 17:48,default,16,ARCHIVED,not_printed,emailed,9,12,00:05:35,301,gcosy-DQF-N.a.and,ns = 1 ; d1 = 1s ; expt = 5m 33s ; ds = 16 ; td1 = 256  	,non_composite,2D 1H#1H-DQF-COSY (mag. mode),hidden,research_only,2,TRUE,active,TRUE,3,tl,admin,TRUE,active,1,CDCl3,Chloroform-d,1,PI,PI - Group Leaders,3392FF,5,Alec,60
6984,12/10/2012 17:48,default,16,ARCHIVED,not_printed,emailed,9,13,00:10:31,101,ghsqc-ed.a.and,ns = 2 ; d1 = 1 ; expt = 10m 52s ; ds = 16 ; td1 = 256,non_composite,2D 1H#13C-gs-HSQC with multiplicity editing,visible,research_only,2,TRUE,active,TRUE,3,tl,admin,TRUE,active,1,CDCl3,Chloroform-d,1,PI,PI - Group Leaders,3392FF,5,Alec,60
6985,12/10/2012 17:48,default,16,ARCHIVED,not_printed,emailed,9,14,00:32:31,102,ghmbc.a.and,ns = 4 ; d1 = 1.5 ; expt = 33m 46s ; ds = 16 ; td1 = 256,non_composite,2D 1H#13C-gs-HMBC,visible,research_only,2,TRUE,active,TRUE,3,tl,admin,TRUE,active,1,CDCl3,Chloroform-d,1,PI,PI - Group Leaders,3392FF,5,Alec,60
6986,12/10/2012 17:48,default,17,ARCHIVED,not_printed,emailed,9,10,00:00:57,300,proton-N.a.and,ns = 8 ; d1 = 1 ; expt = 57s ; ds = 2 ; td1 = 1 ,non_composite,1H Observe,hidden,research_only,2,TRUE,active,TRUE,3,tl,admin,TRUE,active,1,CDCl3,Chloroform-d,1,PI,PI - Group Leaders,3392FF,5,Alec,60
6987,12/10/2012 17:48,default,17,ARCHIVED,not_printed,emailed,9,11,00:42:14,10,c13_deptq.a.and,ns = 800 ; d1 = 2 ; expt = 45m 36s; ds = 4 ; td1 = 1 ,non_composite,13C Observe with multiplicity editing - DEPTQ,visible,research_only,2,TRUE,active,TRUE,3,tl,admin,TRUE,active,1,CDCl3,Chloroform-d,1,PI,PI - Group Leaders,3392FF,5,Alec,60
6988,12/10/2012 17:48,default,17,ARCHIVED,not_printed,emailed,9,12,00:05:35,301,gcosy-DQF-N.a.and,ns = 1 ; d1 = 1s ; expt = 5m 33s ; ds = 16 ; td1 = 256  	,non_composite,2D 1H#1H-DQF-COSY (mag. mode),hidden,research_only,2,TRUE,active,TRUE,3,tl,admin,TRUE,active,1,CDCl3,Chloroform-d,1,PI,PI - Group Leaders,3392FF,5,Alec,60
6989,12/10/2012 17:48,default,17,ARCHIVED,not_printed,emailed,9,13,00:10:31,101,ghsqc-ed.a.and,ns = 2 ; d1 = 1 ; expt = 10m 52s ; ds = 16 ; td1 = 256,non_composite,2D 1H#13C-gs-HSQC with multiplicity editing,visible,research_only,2,TRUE,active,TRUE,3,tl,admin,TRUE,active,1,CDCl3,Chloroform-d,1,PI,PI - Group Leaders,3392FF,5,Alec,60
6990,12/10/2012 17:48,default,17,ARCHIVED,not_printed,emailed,9,14,00:32:31,102,ghmbc.a.and,ns = 4 ; d1 = 1.5 ; expt = 33m 46s ; ds = 16 ; td1 = 256,non_composite,2D 1H#13C-gs-HMBC,visible,research_only,2,TRUE,active,TRUE,3,tl,admin,TRUE,active,1,CDCl3,Chloroform-d,1,PI,PI - Group Leaders,3392FF,5,Alec,60
7115,15/10/2012 12:34,default,9,ARCHIVED,not_printed,emailed,9,10,00:00:57,1,proton.a.and,ns = 8 ; d1 = 1 ; expt = 1m 9s ; ds = 2 ; td1 = 1,non_composite,1H Observe  ,visible,research_teaching,2,TRUE,active,TRUE,3,tl,admin,TRUE,active,4,C6D6,benzene-d6,1,PI,PI - Group Leaders,3392FF,5,Alec,60
7116,15/10/2012 12:34,default,10,ARCHIVED,not_printed,emailed,9,10,00:00:57,1,proton.a.and,ns = 8 ; d1 = 1 ; expt = 1m 9s ; ds = 2 ; td1 = 1,non_composite,1H Observe  ,visible,research_teaching,2,TRUE,active,TRUE,3,tl,admin,TRUE,active,4,C6D6,benzene-d6,1,PI,PI - Group Leaders,3392FF,5,Alec,60
7609,19/10/2012 10:07,default,4,ARCHIVED,not_printed,emailed,9,10,00:00:57,1,proton.a.and,ns = 8 ; d1 = 1 ; expt = 1m 9s ; ds = 2 ; td1 = 1,non_composite,1H Observe  ,visible,research_teaching,2,TRUE,active,TRUE,3,tl,admin,TRUE,active,1,CDCl3,Chloroform-d,1,PI,PI - Group Leaders,3392FF,5,Alec,60
7610,19/10/2012 10:07,default,4,ARCHIVED,not_printed,emailed,9,11,00:11:52,105,gtocsy.a.and,ns = 1 ; d1 = 1s ; expt = 11m 52s ; ds = 16 ; td1 = 512,non_composite,2D 1H#1H-TOCSY mixing time d9 = 80 ms,visible,research_only,2,TRUE,active,TRUE,3,tl,admin,TRUE,active,1,CDCl3,Chloroform-d,1,PI,PI - Group Leaders,3392FF,5,Alec,60
8378,29/10/2012 16:11,default,1,ARCHIVED,not_printed,emailed,8,10,00:00:57,1,proton.a.and,ns = 8 ; d1 = 1 ; expt = 1m 9s ; ds = 2 ; td1 = 1,non_composite,1H Observe  ,visible,research_teaching,2,TRUE,active,TRUE,3,tl,admin,TRUE,active,1,CDCl3,Chloroform-d,1,PI,PI - Group Leaders,3392FF,4,Felix,60
8612,31/10/2012 11:53,default,7,ARCHIVED,not_printed,emailed,8,10,00:00:57,1,proton.a.and,ns = 8 ; d1 = 1 ; expt = 1m 9s ; ds = 2 ; td1 = 1,non_composite,1H Observe  ,visible,research_teaching,135,FALSE,inactive,TRUE,3,tl,admin,TRUE,active,1,CDCl3,Chloroform-d,1,PI,PI - Group Leaders,3392FF,4,Felix,60
9105,05/11/2012 10:14,default,2,ARCHIVED,not_printed,emailed,9,10,00:00:57,1,proton.a.and,ns = 8 ; d1 = 1 ; expt = 1m 9s ; ds = 2 ; td1 = 1,non_composite,1H Observe  ,visible,research_teaching,135,FALSE,inactive,TRUE,3,tl,admin,TRUE,active,1,CDCl3,Chloroform-d,1,PI,PI - Group Leaders,3392FF,5,Alec,60
10926,23/11/2012 16:45,default,3,ARCHIVED,not_printed,emailed,9,10,00:00:57,1,proton.a.and,ns = 8 ; d1 = 1 ; expt = 1m 9s ; ds = 2 ; td1 = 1,non_composite,1H Observe  ,visible,research_teaching,2,TRUE,active,TRUE,3,tl,admin,TRUE,active,2,DMSO,dimethylsulfoxide-d6,1,PI,PI - Group Leaders,3392FF,5,Alec,60
10927,23/11/2012 16:45,ns#2,3,ARCHIVED,not_printed,emailed,9,11,00:16:40,112,ghmbc-n15.a.and,ns = 44 ; d1 = 1.5 ; expt = 5h 55m ; ds = 16 ; td1 = 256,non_composite,2D 1H#15N-gs-HMBC ,visible,research_only,2,TRUE,active,TRUE,3,tl,admin,TRUE,active,2,DMSO,dimethylsulfoxide-d6,1,PI,PI - Group Leaders,3392FF,5,Alec,60
11074,26/11/2012 11:02,default,1,ARCHIVED,not_printed,emailed,9,10,00:01:06,400,snh.and,ns = 8 ; d1 = 1 ; expt = 57s ; ds = 2 ; td1 = 1 ,non_composite,1H SINO test,visible,research_only,2,TRUE,active,TRUE,3,tl,admin,TRUE,active,1,CDCl3,Chloroform-d,1,PI,PI - Group Leaders,3392FF,5,Alec,60
12199,11/12/2012 17:26,default,2,ARCHIVED,not_printed,emailed,9,10,00:04:40,60,pt195.a.and,ns = 256 ; d1 = 2 ; expt = 9m 16s ; ds = 2 ; td1 = 1 ,non_composite,195Pt Observe - SW=850ppm (Na[PtCl6]/D2O = 0ppm) ,visible,research_only,2,TRUE,active,TRUE,3,tl,admin,TRUE,active,5,D2O,deuteriumoxide,1,PI,PI - Group Leaders,3392FF,5,Alec,60
12255,12/12/2012 11:56,default,1,ARCHIVED,not_printed,emailed,9,10,00:00:57,1,proton.a.and,ns = 8 ; d1 = 1 ; expt = 1m 9s ; ds = 2 ; td1 = 1,non_composite,1H Observe  ,visible,research_teaching,2,TRUE,active,TRUE,3,tl,admin,TRUE,active,1,CDCl3,Chloroform-d,1,PI,PI - Group Leaders,3392FF,5,Alec,60
12257,12/12/2012 12:12,default,1,ARCHIVED,not_printed,emailed,9,11,00:00:57,1,proton.a.and,ns = 8 ; d1 = 1 ; expt = 1m 9s ; ds = 2 ; td1 = 1,non_composite,1H Observe  ,visible,research_teaching,2,TRUE,active,TRUE,3,tl,admin,TRUE,active,1,CDCl3,Chloroform-d,1,PI,PI - Group Leaders,3392FF,5,Alec,60
12313,13/12/2012 17:46,default,6,ARCHIVED,not_printed,emailed,9,10,00:04:19,30,p31cpd.a.and,ns = 128 ; d1 = 1.5 ; expt = 4m 33s ; ds = 4 ; td1 = 1 ,non_composite,31P Observe with 1H decoupling,visible,research_teaching,2,TRUE,active,TRUE,3,tl,admin,TRUE,active,4,C6D6,benzene-d6,1,PI,PI - Group Leaders,3392FF,5,Alec,60
12314,13/12/2012 17:46,o1p#-100,6,ARCHIVED,not_printed,emailed,9,11,00:02:09,21,f19cpd_80ppm.a.and,ns = 64 ; d1 = 1 ; expt = 2m 24s ; ds = 4 ; td1 = 1 ,non_composite,19F Observe with 1H decoupling - SW 80 ppm,visible,research_only,2,TRUE,active,TRUE,3,tl,admin,TRUE,active,4,C6D6,benzene-d6,1,PI,PI - Group Leaders,3392FF,5,Alec,60
12344,14/12/2012 14:11,default,1,ARCHIVED,not_printed,emailed,8,10,00:00:57,1,proton.a.and,ns = 8 ; d1 = 1 ; expt = 1m 9s ; ds = 2 ; td1 = 1,non_composite,1H Observe  ,visible,research_teaching,2,TRUE,active,TRUE,3,tl,admin,TRUE,active,4,C6D6,benzene-d6,1,PI,PI - Group Leaders,3392FF,4,Felix,60
12345,14/12/2012 14:11,default,1,ARCHIVED,not_printed,emailed,8,11,00:04:20,30,p31cpd.a.and,ns = 128 ; d1 = 1.5 ; expt = 4m 33s ; ds = 4 ; td1 = 1 ,non_composite,31P Observe with 1H decoupling,visible,research_teaching,2,TRUE,active,TRUE,3,tl,admin,TRUE,active,4,C6D6,benzene-d6,1,PI,PI - Group Leaders,3392FF,4,Felix,60
12346,14/12/2012 14:11,o1p#-100,1,ARCHIVED,not_printed,emailed,8,12,00:02:09,21,f19cpd_80ppm.a.and,ns = 64 ; d1 = 1 ; expt = 2m 24s ; ds = 4 ; td1 = 1 ,non_composite,19F Observe with 1H decoupling - SW 80 ppm,visible,research_only,2,TRUE,active,TRUE,3,tl,admin,TRUE,active,4,C6D6,benzene-d6,1,PI,PI - Group Leaders,3392FF,4,Felix,60
14011,25/01/2013 18:30,default,1,ARCHIVED,not_printed,emailed,9,10,00:00:57,1,proton.a.and,ns = 8 ; d1 = 1 ; expt = 1m 9s ; ds = 2 ; td1 = 1,non_composite,1H Observe  ,visible,research_teaching,135,FALSE,inactive,TRUE,3,tl,admin,TRUE,active,1,CDCl3,Chloroform-d,1,PI,PI - Group Leaders,3392FF,5,Alec,60
14460,30/01/2013 12:27,default,13,ARCHIVED,not_printed,emailed,9,10,00:01:37,4,solventsup.a.and,ns = 8 ; d1 = 4 ; expt = 1m 49s ; ds = 4 ; td1 = 1 ,non_composite,1H Observe with Solvent Suppression ,visible,research_only,135,FALSE,inactive,TRUE,3,tl,admin,TRUE,active,6,H2O+D2O,90% H2O and 10% D2O,1,PI,PI - Group Leaders,3392FF,5,Alec,60
14462,30/01/2013 14:24,default,14,ARCHIVED,not_printed,emailed,9,10,00:01:37,4,solventsup.a.and,ns = 8 ; d1 = 4 ; expt = 1m 49s ; ds = 4 ; td1 = 1 ,non_composite,1H Observe with Solvent Suppression ,visible,research_only,135,FALSE,inactive,TRUE,3,tl,admin,TRUE,active,6,H2O+D2O,90% H2O and 10% D2O,1,PI,PI - Group Leaders,3392FF,5,Alec,60
15526,08/02/2013 16:57,default,4,ARCHIVED,not_printed,emailed,9,10,00:00:57,1,proton.a.and,ns = 8 ; d1 = 1 ; expt = 1m 9s ; ds = 2 ; td1 = 1,non_composite,1H Observe  ,visible,research_teaching,2,TRUE,active,TRUE,3,tl,admin,TRUE,active,1,CDCl3,Chloroform-d,1,PI,PI - Group Leaders,3392FF,5,Alec,60
15527,08/02/2013 16:57,cnst21#1.483,4,ARCHIVED,not_printed,emailed,9,11,00:08:02,5,selnoesy1D.a.and,ns = 64 ; d1 = 1.5 ; expt = 8m 2s ; ds = 4 ; td1 = 1 ,non_composite,1D gs-NOESY,visible,research_only,2,TRUE,active,TRUE,3,tl,admin,TRUE,active,1,CDCl3,Chloroform-d,1,PI,PI - Group Leaders,3392FF,5,Alec,60
16841,19/02/2013 11:49,default,21,ARCHIVED,not_printed,emailed,9,10,00:00:57,1,proton.a.and,ns = 8 ; d1 = 1 ; expt = 1m 9s ; ds = 2 ; td1 = 1,non_composite,1H Observe  ,visible,research_teaching,2,TRUE,active,TRUE,3,tl,admin,TRUE,active,1,CDCl3,Chloroform-d,1,PI,PI - Group Leaders,3392FF,5,Alec,60
21362,22/03/2013 17:26,default,1,ARCHIVED,not_printed,emailed,8,10,00:00:57,1,proton.a.and,ns = 8 ; d1 = 1 ; expt = 1m 9s ; ds = 2 ; td1 = 1,non_composite,1H Observe  ,visible,research_teaching,135,FALSE,inactive,TRUE,3,tl,admin,TRUE,active,1,CDCl3,Chloroform-d,1,PI,PI - Group Leaders,3392FF,4,Felix,60
23223,12/04/2013 11:55,cnst21#4.626,1,ARCHIVED,not_printed,emailed,9,10,00:08:02,5,selnoesy1D.a.and,ns = 64 ; d1 = 1.5 ; expt = 8m 2s ; ds = 4 ; td1 = 1 ,non_composite,1D gs-NOESY,visible,research_only,135,FALSE,inactive,TRUE,3,tl,admin,TRUE,active,1,CDCl3,Chloroform-d,1,PI,PI - Group Leaders,3392FF,5,Alec,60
24391,22/04/2013 15:39,default,1,ARCHIVED,not_printed,emailed,9,10,00:00:57,1,proton.a.and,ns = 8 ; d1 = 1 ; expt = 1m 9s ; ds = 2 ; td1 = 1,non_composite,1H Observe  ,visible,research_teaching,2,TRUE,active,TRUE,3,tl,admin,TRUE,active,1,CDCl3,Chloroform-d,1,PI,PI - Group Leaders,3392FF,5,Alec,60
24399,22/04/2013 16:53,default,5,ARCHIVED,not_printed,emailed,9,10,00:00:57,1,proton.a.and,ns = 8 ; d1 = 1 ; expt = 1m 9s ; ds = 2 ; td1 = 1,non_composite,1H Observe  ,visible,research_teaching,2,TRUE,active,TRUE,3,tl,admin,TRUE,active,1,CDCl3,Chloroform-d,1,PI,PI - Group Leaders,3392FF,5,Alec,60
24400,22/04/2013 16:53,default,5,ARCHIVED,not_printed,emailed,9,11,00:10:32,101,ghsqc-ed.a.and,ns = 2 ; d1 = 1 ; expt = 10m 52s ; ds = 16 ; td1 = 256,non_composite,2D 1H#13C-gs-HSQC with multiplicity editing,visible,research_only,2,TRUE,active,TRUE,3,tl,admin,TRUE,active,1,CDCl3,Chloroform-d,1,PI,PI - Group Leaders,3392FF,5,Alec,60
24401,22/04/2013 16:53,default,5,ARCHIVED,not_printed,emailed,9,12,00:32:32,102,ghmbc.a.and,ns = 4 ; d1 = 1.5 ; expt = 33m 46s ; ds = 16 ; td1 = 256,non_composite,2D 1H#13C-gs-HMBC,visible,research_only,2,TRUE,active,TRUE,3,tl,admin,TRUE,active,1,CDCl3,Chloroform-d,1,PI,PI - Group Leaders,3392FF,5,Alec,60
24402,22/04/2013 16:53,ns#200,5,ARCHIVED,not_printed,emailed,9,13,00:10:43,10,c13_deptq.a.and,ns = 800 ; d1 = 2 ; expt = 45m 36s; ds = 4 ; td1 = 1 ,non_composite,13C Observe with multiplicity editing - DEPTQ,visible,research_only,2,TRUE,active,TRUE,3,tl,admin,TRUE,active,1,CDCl3,Chloroform-d,1,PI,PI - Group Leaders,3392FF,5,Alec,60
24523,23/04/2013 17:58,default,1,ARCHIVED,not_printed,emailed,9,10,00:00:57,1,proton.a.and,ns = 8 ; d1 = 1 ; expt = 1m 9s ; ds = 2 ; td1 = 1,non_composite,1H Observe  ,visible,research_teaching,2,TRUE,active,TRUE,3,tl,admin,TRUE,active,1,CDCl3,Chloroform-d,1,PI,PI - Group Leaders,3392FF,5,Alec,60
24524,23/04/2013 17:58,default,1,ARCHIVED,not_printed,emailed,9,11,00:05:35,100,gcosy-DQF.a.and,ns = 1 ; d1 = 1s ; expt = 5m 46s ; ds = 16 ; td1 = 256,non_composite,2D 1H#1H-DQF-COSY (mag. mode),visible,research_only,2,TRUE,active,TRUE,3,tl,admin,TRUE,active,1,CDCl3,Chloroform-d,1,PI,PI - Group Leaders,3392FF,5,Alec,60
24695,24/04/2013 17:48,default,1,ARCHIVED,not_printed,emailed,8,10,00:00:57,300,proton-N.a.and,ns = 8 ; d1 = 1 ; expt = 57s ; ds = 2 ; td1 = 1 ,non_composite,1H Observe,hidden,research_only,2,TRUE,active,TRUE,3,tl,admin,TRUE,active,1,CDCl3,Chloroform-d,1,PI,PI - Group Leaders,3392FF,4,Felix,60
24696,24/04/2013 17:48,default,1,ARCHIVED,not_printed,emailed,8,11,00:53:32,11,c13_udeft.a.and,ns = 800 ; d1 = 3 ; expt = 50m 12s ; ds = 0 ; td1 = 1 ,non_composite,13C Observe with 1H decoupling - UDEFT,visible,research_only,2,TRUE,active,TRUE,3,tl,admin,TRUE,active,1,CDCl3,Chloroform-d,1,PI,PI - Group Leaders,3392FF,4,Felix,60
24697,24/04/2013 17:48,default,1,ARCHIVED,not_printed,emailed,8,12,00:05:35,301,gcosy-DQF-N.a.and,ns = 1 ; d1 = 1s ; expt = 5m 33s ; ds = 16 ; td1 = 256  	,non_composite,2D 1H#1H-DQF-COSY (mag. mode),hidden,research_only,2,TRUE,active,TRUE,3,tl,admin,TRUE,active,1,CDCl3,Chloroform-d,1,PI,PI - Group Leaders,3392FF,4,Felix,60
24698,24/04/2013 17:48,default,1,ARCHIVED,not_printed,emailed,8,13,00:10:31,101,ghsqc-ed.a.and,ns = 2 ; d1 = 1 ; expt = 10m 52s ; ds = 16 ; td1 = 256,non_composite,2D 1H#13C-gs-HSQC with multiplicity editing,visible,research_only,2,TRUE,active,TRUE,3,tl,admin,TRUE,active,1,CDCl3,Chloroform-d,1,PI,PI - Group Leaders,3392FF,4,Felix,60
24699,24/04/2013 17:48,default,1,ARCHIVED,not_printed,emailed,8,14,00:32:31,102,ghmbc.a.and,ns = 4 ; d1 = 1.5 ; expt = 33m 46s ; ds = 16 ; td1 = 256,non_composite,2D 1H#13C-gs-HMBC,visible,research_only,2,TRUE,active,TRUE,3,tl,admin,TRUE,active,1,CDCl3,Chloroform-d,1,PI,PI - Group Leaders,3392FF,4,Felix,60
24701,24/04/2013 17:53,default,18,ARCHIVED,not_printed,emailed,9,10,00:00:57,1,proton.a.and,ns = 8 ; d1 = 1 ; expt = 1m 9s ; ds = 2 ; td1 = 1,non_composite,1H Observe  ,visible,research_teaching,2,TRUE,active,TRUE,3,tl,admin,TRUE,active,1,CDCl3,Chloroform-d,1,PI,PI - Group Leaders,3392FF,5,Alec,60
24702,24/04/2013 17:53,ns#200,18,ARCHIVED,not_printed,emailed,9,11,00:10:43,10,c13_deptq.a.and,ns = 800 ; d1 = 2 ; expt = 45m 36s; ds = 4 ; td1 = 1 ,non_composite,13C Observe with multiplicity editing - DEPTQ,visible,research_only,2,TRUE,active,TRUE,3,tl,admin,TRUE,active,1,CDCl3,Chloroform-d,1,PI,PI - Group Leaders,3392FF,5,Alec,60
27054,10/05/2013 16:51,default,1,ARCHIVED,not_printed,emailed,8,10,00:00:57,1,proton.a.and,ns = 8 ; d1 = 1 ; expt = 1m 9s ; ds = 2 ; td1 = 1,non_composite,1H Observe  ,visible,research_teaching,2,TRUE,active,TRUE,3,tl,admin,TRUE,active,1,CDCl3,Chloroform-d,1,PI,PI - Group Leaders,3392FF,4,Felix,60
27055,10/05/2013 16:51,default,1,ARCHIVED,not_printed,emailed,8,11,00:10:31,101,ghsqc-ed.a.and,ns = 2 ; d1 = 1 ; expt = 10m 52s ; ds = 16 ; td1 = 256,non_composite,2D 1H#13C-gs-HSQC with multiplicity editing,visible,research_only,2,TRUE,active,TRUE,3,tl,admin,TRUE,active,1,CDCl3,Chloroform-d,1,PI,PI - Group Leaders,3392FF,4,Felix,60
27596,24/05/2013 12:41,default,1,ARCHIVED,not_printed,emailed,8,10,00:00:57,1,proton.a.and,ns = 8 ; d1 = 1 ; expt = 1m 9s ; ds = 2 ; td1 = 1,non_composite,1H Observe  ,visible,research_teaching,2,TRUE,active,TRUE,3,tl,admin,TRUE,active,2,DMSO,dimethylsulfoxide-d6,1,PI,PI - Group Leaders,3392FF,4,Felix,60
27597,24/05/2013 12:41,ns#1,1,ARCHIVED,not_printed,emailed,8,11,00:08:52,112,ghmbc-n15.a.and,ns = 44 ; d1 = 1.5 ; expt = 5h 55m ; ds = 16 ; td1 = 256,non_composite,2D 1H#15N-gs-HMBC ,visible,research_only,2,TRUE,active,TRUE,3,tl,admin,TRUE,active,2,DMSO,dimethylsulfoxide-d6,1,PI,PI - Group Leaders,3392FF,4,Felix,60
28682,03/06/2013 16:26,ns#64,1,ARCHIVED,not_printed,emailed,8,10,00:06:17,1,proton.a.and,ns = 8 ; d1 = 1 ; expt = 1m 9s ; ds = 2 ; td1 = 1,non_composite,1H Observe  ,visible,research_teaching,8,FALSE,active,FALSE,2,dp,DP Group,TRUE,active,1,CDCl3,Chloroform-d,3,PhD,PhD Students,7ADB18,4,Felix,60
28683,03/06/2013 16:26,default,1,ARCHIVED,not_printed,emailed,8,11,00:01:55,20,f19cpd.a.and,ns = 64 ; d1 = 1 ; expt = 2m 9s ; ds = 4 ; td1 = 1 ,non_composite,19F Observe with 1H decoupling - Full Range SW,visible,research_only,8,FALSE,active,FALSE,2,dp,DP Group,TRUE,active,1,CDCl3,Chloroform-d,3,PhD,PhD Students,7ADB18,4,Felix,60
29050,06/06/2013 10:30,ns#72,15,ARCHIVED,not_printed,emailed,8,10,00:07:02,1,proton.a.and,ns = 8 ; d1 = 1 ; expt = 1m 9s ; ds = 2 ; td1 = 1,non_composite,1H Observe  ,visible,research_teaching,8,FALSE,active,FALSE,2,dp,DP Group,TRUE,active,1,CDCl3,Chloroform-d,3,PhD,PhD Students,7ADB18,4,Felix,60
29051,06/06/2013 10:30,default,15,ARCHIVED,not_printed,emailed,8,11,00:01:55,20,f19cpd.a.and,ns = 64 ; d1 = 1 ; expt = 2m 9s ; ds = 4 ; td1 = 1 ,non_composite,19F Observe with 1H decoupling - Full Range SW,visible,research_only,8,FALSE,active,FALSE,2,dp,DP Group,TRUE,active,1,CDCl3,Chloroform-d,3,PhD,PhD Students,7ADB18,4,Felix,60
29292,07/06/2013 14:40,default,10,ARCHIVED,not_printed,emailed,8,10,00:00:57,1,proton.a.and,ns = 8 ; d1 = 1 ; expt = 1m 9s ; ds = 2 ; td1 = 1,non_composite,1H Observe  ,visible,research_teaching,9,TRUE,active,FALSE,2,dp,DP Group,TRUE,active,1,CDCl3,Chloroform-d,3,PhD,PhD Students,7ADB18,4,Felix,60
30998,25/06/2013 12:21,default,3,ARCHIVED,not_printed,emailed,8,10,00:00:57,1,proton.a.and,ns = 8 ; d1 = 1 ; expt = 1m 9s ; ds = 2 ; td1 = 1,non_composite,1H Observe  ,visible,research_teaching,46,FALSE,inactive,FALSE,14,njw,NJW Group,TRUE,active,1,CDCl3,Chloroform-d,0,default,Default,FFFFFF,4,Felix,60
31034,25/06/2013 15:32,default,7,ARCHIVED,not_printed,emailed,10,10,00:00:57,1,proton.a.and,ns = 8 ; d1 = 1 ; expt = 1m 9s ; ds = 2 ; td1 = 1,non_composite,1H Observe  ,visible,research_teaching,2,TRUE,active,TRUE,3,tl,admin,TRUE,active,1,CDCl3,Chloroform-d,1,PI,PI - Group Leaders,3392FF,5,Alec,60
31046,25/06/2013 15:54,default,12,ARCHIVED,not_printed,emailed,10,10,00:00:57,1,proton.a.and,ns = 8 ; d1 = 1 ; expt = 1m 9s ; ds = 2 ; td1 = 1,non_composite,1H Observe  ,visible,research_teaching,146,FALSE,inactive,FALSE,30,test,test account,TRUE,inactive,1,CDCl3,Chloroform-d,0,default,Default,FFFFFF,5,Alec,60
31067,25/06/2013 17:06,default,18,ARCHIVED,not_printed,emailed,10,10,00:00:57,1,proton.a.and,ns = 8 ; d1 = 1 ; expt = 1m 9s ; ds = 2 ; td1 = 1,non_composite,1H Observe  ,visible,research_teaching,2,TRUE,active,TRUE,3,tl,admin,TRUE,active,1,CDCl3,Chloroform-d,1,PI,PI - Group Leaders,3392FF,5,Alec,60
31068,25/06/2013 17:06,default,18,ARCHIVED,not_printed,emailed,10,11,00:05:35,100,gcosy-DQF.a.and,ns = 1 ; d1 = 1s ; expt = 5m 46s ; ds = 16 ; td1 = 256,non_composite,2D 1H#1H-DQF-COSY (mag. mode),visible,research_only,2,TRUE,active,TRUE,3,tl,admin,TRUE,active,1,CDCl3,Chloroform-d,1,PI,PI - Group Leaders,3392FF,5,Alec,60
31086,25/06/2013 17:34,default,24,ARCHIVED,not_printed,emailed,10,10,00:00:34,302,proton-fast.a.and,ns = 4 ; d1 = 1 ; expt = 34s ; ds = 2 ; td1 = 1,non_composite,1H Observe NS=4,hidden,research_only,146,FALSE,inactive,FALSE,30,test,test account,TRUE,inactive,1,CDCl3,Chloroform-d,0,default,Default,FFFFFF,5,Alec,60
31087,25/06/2013 17:34,default,24,ARCHIVED,not_printed,emailed,10,11,00:02:27,303,gcosy-fast.a.and,ns = 1 ; d1 = 0.8s ; expt = 2m 27s ; ds = 16 ; td1 = 128  	,non_composite,2D 1H#1H-DQF-COSY (covariance spectrum in EXPNO 998),hidden,research_only,146,FALSE,inactive,FALSE,30,test,test account,TRUE,inactive,1,CDCl3,Chloroform-d,0,default,Default,FFFFFF,5,Alec,60
31088,25/06/2013 17:34,default,24,ARCHIVED,not_printed,emailed,10,12,00:02:09,304,ghsqc-fast.a.and,ns = 1 ; d1 = 1 ; expt = 2m 9s ; ds = 16 ; td1 = 256  	,non_composite,2D 1H#13C-gs-HSQC with multiplicity editing and NUS,visible,research_only,146,FALSE,inactive,FALSE,30,test,test account,TRUE,inactive,1,CDCl3,Chloroform-d,0,default,Default,FFFFFF,5,Alec,60
31089,25/06/2013 17:34,default,24,ARCHIVED,not_printed,emailed,10,13,00:06:28,305,ghmbc-fast.a.and,ns = 2 ; d1 = 1 ; expt = 6m 28s ; ds = 16 ; td1 = 256  	,non_composite,2D 1H#13C-gs-HMBC with NUS,hidden,research_only,146,FALSE,inactive,FALSE,30,test,test account,TRUE,inactive,1,CDCl3,Chloroform-d,0,default,Default,FFFFFF,5,Alec,60
31091,25/06/2013 17:49,default,25,ARCHIVED,not_printed,emailed,10,10,00:00:34,302,proton-fast.a.and,ns = 4 ; d1 = 1 ; expt = 34s ; ds = 2 ; td1 = 1,non_composite,1H Observe NS=4,hidden,research_only,146,FALSE,inactive,FALSE,30,test,test account,TRUE,inactive,1,CDCl3,Chloroform-d,0,default,Default,FFFFFF,5,Alec,60
31092,25/06/2013 17:49,default,25,ARCHIVED,not_printed,emailed,10,11,00:02:27,303,gcosy-fast.a.and,ns = 1 ; d1 = 0.8s ; expt = 2m 27s ; ds = 16 ; td1 = 128  	,non_composite,2D 1H#1H-DQF-COSY (covariance spectrum in EXPNO 998),hidden,research_only,146,FALSE,inactive,FALSE,30,test,test account,TRUE,inactive,1,CDCl3,Chloroform-d,0,default,Default,FFFFFF,5,Alec,60
31093,25/06/2013 17:49,default,25,ARCHIVED,not_printed,emailed,10,12,00:02:09,304,ghsqc-fast.a.and,ns = 1 ; d1 = 1 ; expt = 2m 9s ; ds = 16 ; td1 = 256  	,non_composite,2D 1H#13C-gs-HSQC with multiplicity editing and NUS,visible,research_only,146,FALSE,inactive,FALSE,30,test,test account,TRUE,inactive,1,CDCl3,Chloroform-d,0,default,Default,FFFFFF,5,Alec,60
31094,25/06/2013 17:49,default,25,ARCHIVED,not_printed,emailed,10,13,00:06:28,305,ghmbc-fast.a.and,ns = 2 ; d1 = 1 ; expt = 6m 28s ; ds = 16 ; td1 = 256  	,non_composite,2D 1H#13C-gs-HMBC with NUS,hidden,research_only,146,FALSE,inactive,FALSE,30,test,test account,TRUE,inactive,1,CDCl3,Chloroform-d,0,default,Default,FFFFFF,5,Alec,60
